id,label,timeset,fan_count,category,username,users_can_post,link,post_activity,talking_about_count
220779885077,The Oatmeal,,4092450,Entertainment Website,theoatmeal,yes,https://www.facebook.com/theoatmeal/,0.1,70463
367923646703862,WatchCut,,1086048,Media/News Company,WatchCut,yes,https://www.facebook.com/WatchCut/,0.16,198133
880821248629272,Exploding Kittens,,155805,Games/Toys,explodingkittens,yes,https://www.facebook.com/explodingkittens/,0.07,873
18790602800,Tesla,,2229204,Company,tesla,yes,https://www.facebook.com/tesla/,0.55,20661
265402893622169,Beat The Blerch,,31135,Sports Event,BeatTheBlerch,yes,https://www.facebook.com/BeatTheBlerch/,0.01,176
369964540488,Where the Heck is Matt?,,54871,Public Figure,wheretheheckismatt,yes,https://www.facebook.com/wheretheheckismatt/,0.01,58
101194419937452,Christopher McDougall,,52266,Author,ChrisMcDougallAuthor,yes,https://www.facebook.com/ChrisMcDougallAuthor/,0.02,762
133172250158397,Colonel Meow and Friends,,491448,Public Figure,colonelmeowandfriends,yes,https://www.facebook.com/colonelmeowandfriends/,0.01,301
81306299102,Tesla Science Center at Wardenclyffe,,50737,History Museum,TeslaScienceCenter,yes,https://www.facebook.com/TeslaScienceCenter/,0.04,403
51765799654,Ben Thompson,,18979,Author,badasshistory,yes,https://www.facebook.com/badasshistory/,0.01,1514
113546358931,ze frank,,55535,Public Figure,zefrank,yes,https://www.facebook.com/zefrank/,0.0,43
160940827358574,Planetary Resources,,31287,Mining Company,PlanetaryResourcesInc,yes,https://www.facebook.com/PlanetaryResourcesInc/,0.01,85
158488814175421,Formal Sweatpants,,60992,Entertainment Website,FormalSweatpants,yes,https://www.facebook.com/FormalSweatpants/,0.0,161
367116489976035,I fucking love science,,25715413,Science Website,IFeakingLoveScience,yes,https://www.facebook.com/IFeakingLoveScience/,0.93,1105950
161247843901324,Best Western Denver Southwest,,85075,Hotel,bestwesterndenver,yes,https://www.facebook.com/bestwesterndenver/,0.01,142
183313705129221,I Love Coffee,,84645,Entertainment Website,ilovecoffeejp,yes,https://www.facebook.com/ilovecoffeejp/,0.01,624
227496997288883,Sriracha Rooster Sauce,,80500,Food & Beverage Company,theroostersauce,yes,https://www.facebook.com/theroostersauce/,0.0,41
161389793937550,The Bobcats,,11876,Public Figure,,yes,https://www.facebook.com/The-Bobcats-161389793937550/,0.0,11
1851186015137502,The Little Hours,,19015,Movie,TheLittleHoursMovie,yes,https://www.facebook.com/TheLittleHoursMovie/,0.03,2207
1847226345493339,HiHo,,192580,Media/News Company,HiHoKids,yes,https://www.facebook.com/HiHoKids/,0.09,65021
630429377117612,Bar Harbor,,662,Bar,barharborbar,yes,https://www.facebook.com/barharborbar/,0.0,23
592306504270103,Dust,,690553,Movie/Television Studio,watchdust,yes,https://www.facebook.com/watchdust/,0.1,93389
1097182973625784,Gunpowder & Sky,,3562,Movie/Television Studio,gunpowdersky,no,https://www.facebook.com/gunpowdersky/,0.01,22
6192284865,Seattle Weekly,,40471,Newspaper,SeattleWeekly,yes,https://www.facebook.com/SeattleWeekly/,0.21,379
845663845546872,Party Panda Party,,888388,Media,myfoodplease,no,https://www.facebook.com/myfoodplease/,0.14,16564
107124643386,Seeker,,8330309,Media/News Company,SeekerMedia,yes,https://www.facebook.com/SeekerMedia/,1.07,1193941
10150118108915437,Mashable - Video,,191433,News & Media Website,mashable.video,yes,https://www.facebook.com/mashable.video/,0.01,2556
167115176655082,VICE,,7140064,Media/News Company,VICE,yes,https://www.facebook.com/VICE/,2.02,1090250
13152108058,GOOD,,1094288,Media/News Company,GOODHQ,yes,https://www.facebook.com/GOODHQ/,0.36,19758
174742062548592,Mic,,3547306,News & Media Website,MicMedia,no,https://www.facebook.com/MicMedia/,0.6,297062
193742123995472,The Verge,,3355133,Website,verge,no,https://www.facebook.com/verge/,1.88,134343
1506890529604492,Cooking with Weed,,11956,Media/News Company,cookingwithweed,yes,https://www.facebook.com/cookingwithweed/,0.0,14
159699210738363,Pico Sound,,240,Company,picosoundseattle,yes,https://www.facebook.com/picosoundseattle/,0.0,1
18807449704,Mashable,,6176479,Media/News Company,mashable,yes,https://www.facebook.com/mashable/,4.44,1095272
1454467538190992,Girlfriend Collective,,52705,Clothing (Brand),Girlfriendcollective,yes,https://www.facebook.com/Girlfriendcollective/,0.05,971
881229555297995,Brian Jordan Alvarez,,918,Public Figure,thebrianjordanalvarez,yes,https://www.facebook.com/thebrianjordanalvarez/,0.0,25
303994579702668,Lindy West,,34840,Writer,thelindywest,no,https://www.facebook.com/thelindywest/,0.01,3094
17980768931,Pagliacci Pizza,,25333,Restaurant,pagliaccipizza,yes,https://www.facebook.com/pagliaccipizza/,0.02,104
73478266116,SoulPancake,,813796,Media/News Company,soulpancake,yes,https://www.facebook.com/soulpancake/,0.3,31851
1609062532671901,Field Day,,1482,Entertainment Website,WatchFieldDay,yes,https://www.facebook.com/WatchFieldDay/,0.0,1
165908473428379,1stAveMachine,,4465,Broadcasting & Media Production Company,1stAveMachine,no,https://www.facebook.com/1stAveMachine/,0.0,4
53754642881,Michelle Phan,,3167449,Public Figure,MichellePhanOfficial,no,https://www.facebook.com/MichellePhanOfficial/,0.0,2570
249497108453128,Marmoset,,14759,Music Production Studio,MarmosetMusic,yes,https://www.facebook.com/MarmosetMusic/,0.02,1187
140190209338484,Leafly,,113953,Interest,leaflydotcom,yes,https://www.facebook.com/leaflydotcom/,0.17,6019
1766850643526329,Florida Tesla Enthusiasts,,363,Nonprofit Organization,FloridaTeslaEnthusiasts,yes,https://www.facebook.com/FloridaTeslaEnthusiasts/,0.04,22
487122571459516,Tesla X Canada,,1913,Local & Travel Website,teslax.canada.5,yes,https://www.facebook.com/teslax.canada.5/,0.02,12
357798104322043,Tesla Owners Club Belgium,,4177,Nonprofit Organization,TeslaClubBE,yes,https://www.facebook.com/TeslaClubBE/,0.03,46
250028874370,Leilani Münter,,53157,Athlete,leilanimunter,yes,https://www.facebook.com/leilanimunter/,0.17,3840
108250442531979,Elon Musk,,632017,Entrepreneur,,no,https://www.facebook.com/pages/Elon-Musk/108250442531979,0.0,0
353851465130,SpaceX,,2081196,Local Business,SpaceX,yes,https://www.facebook.com/SpaceX/,0.01,102532
120945717945722,Uber,,13687148,Product/Service,uber,yes,https://www.facebook.com/uber/,2.62,30057
36796456051,SPEED,,1206688,Arts & Entertainment,speed,yes,https://www.facebook.com/speed/,0.06,57090
262466222821,Sustainable Business Oregon,,4679,Media/News Company,SustainableBzOR,yes,https://www.facebook.com/SustainableBzOR/,0.0,3
293815050678568,Sun Country Highway,,2287,Company,suncountryhighway,yes,https://www.facebook.com/suncountryhighway/,0.01,5
143669659002741,Green Car Reports,,362018,Media/News Company,GreenCarReports,yes,https://www.facebook.com/GreenCarReports/,0.26,1567
18332466311,Motor Trend,,3141107,Media/News Company,motortrend,yes,https://www.facebook.com/motortrend/,1.1,24359
107118047976,Car and Driver,,2273772,Magazine,caranddriver,yes,https://www.facebook.com/caranddriver/,0.19,33636
20553875903,Automobile Magazine,,1135220,Magazine,automobilemag,yes,https://www.facebook.com/automobilemag/,0.66,7753
70869085010,SolarCity,,316092,Product/Service,solarcity,yes,https://www.facebook.com/solarcity/,0.05,992
113193765392010,Revenge of the Electric Car,,36046,Movie,revengeoftheelectriccar,yes,https://www.facebook.com/revengeoftheelectriccar/,0.01,30
397269750293574,Drunk Comic Book Chat,,278,Entertainment Website,DrunkComicBookChat,yes,https://www.facebook.com/DrunkComicBookChat/,0.0,2
117732115074148,Alice and the Glass Lake,,3950,Musician/Band,AliceAndTheGlassLake,yes,https://www.facebook.com/AliceAndTheGlassLake/,0.0,44
181079548602706,Profile Books,,1835,Publisher,profilebooks,yes,https://www.facebook.com/profilebooks/,0.02,9
413293318784970,BostonLog,,813,Sports Event,Bostonlog,yes,https://www.facebook.com/Bostonlog/,0.0,4
240373527003,Radio Times,,6730,Broadcasting & Media Production Company,WHYYradiotimes,yes,https://www.facebook.com/WHYYradiotimes/,0.1,193
57918290708,Charlotte Running Company,,10067,Sporting Goods Store,charlotterunning,yes,https://www.facebook.com/charlotterunning/,0.04,111
196717327034166,Barefoot Ted  aka BFT,,21271,Athlete,barefootted,yes,https://www.facebook.com/barefootted/,0.01,142
263279393711464,Back on My Feet New York City,,2125,Public & Government Service,BackOnMyFeetNYC,yes,https://www.facebook.com/BackOnMyFeetNYC/,0.02,48
286858314787706,Ukulele Uprising,,281,Musician/Band,ukuleleuprising,yes,https://www.facebook.com/ukuleleuprising/,0.01,1
157986877591426,Lauren Fleshman,,15032,Athlete,AskLaurenFleshman,yes,https://www.facebook.com/AskLaurenFleshman/,0.01,12
105586959524893,Bird-in-Hand Half Marathon,,4024,"Stadium, Arena & Sports Venue",BIHhalf,yes,https://www.facebook.com/BIHhalf/,0.01,183
64266359416,Auntie's Bookstore,,9930,Bookstore,Auntiesbookstore,yes,https://www.facebook.com/Auntiesbookstore/,0.1,343
293299436656,Boston Marathon,,302238,Sports & Recreation,BostonMarathon,yes,https://www.facebook.com/BostonMarathon/,0.03,9630
131630666886065,Eagle Harbor Book Company,,2544,Bookstore,,yes,https://www.facebook.com/Eagle-Harbor-Book-Company-131630666886065/,0.05,37
48696889177,"DIESEL, A Bookstore",,2941,Bookstore,dieselbookstore,yes,https://www.facebook.com/dieselbookstore/,0.03,34
10150099384115385,Prospect Park,,73666,Park,ProspectParkBrooklyn,yes,https://www.facebook.com/ProspectParkBrooklyn/,0.07,2580
112245085453112,Prospect Park,,746,Park,,no,https://www.facebook.com/pages/Prospect-Park/112245085453112,0.0,0
11680301047,BookCourt,,7687,Bookstore,bookcourt,yes,https://www.facebook.com/bookcourt/,0.01,11
147284635310744,A Runner's Circle,,13293,Footwear Store,ARunnersCircleLA,yes,https://www.facebook.com/ARunnersCircleLA/,0.14,69
85304808546,Shu's Idaho Running Company,,7249,Footwear Store,,yes,https://www.facebook.com/Shus-Idaho-Running-Company-85304808546/,0.05,40
110836750328,Scott Jurek,,193702,Athlete,ScottJurek,yes,https://www.facebook.com/ScottJurek/,0.0,3802
69761195295,Vintage Books & Anchor Books,,894916,Publisher,vintageanchor,no,https://www.facebook.com/vintageanchor/,0.38,77883
16352157727,Alfred A. Knopf,,79033,Publisher,aaknopf,yes,https://www.facebook.com/aaknopf/,0.05,844
459227644184105,Cat Art Show Los Angeles.,,16848,Community,catartshowLA,yes,https://www.facebook.com/catartshowLA/,0.01,314
7177913734,Reddit,,1137286,News & Media Website,reddit,yes,https://www.facebook.com/reddit/,0.04,12774
21898300328,BuzzFeed,,10474921,Media/News Company,BuzzFeed,yes,https://www.facebook.com/BuzzFeed/,1.56,1598299
50807813982,FURminator Inc.,,38178,Pet Supplies,FURminator,yes,https://www.facebook.com/FURminator/,0.04,82
205344452828349,George Takei,,10369041,Artist,georgehtakei,yes,https://www.facebook.com/georgehtakei/,4.29,2318114
494539227244367,Meow Mau Kitty,,33179,Public Figure,MeowMauKitty,yes,https://www.facebook.com/MeowMauKitty/,0.01,1225
135202846500577,"Henri, le Chat Noir",,179687,Public Figure,henrilechatnoir,yes,https://www.facebook.com/henrilechatnoir/,0.01,208
134474600022302,Lil Bub,,3014610,Public Figure,iamlilbub,yes,https://www.facebook.com/iamlilbub/,0.08,109949
605627879587634,Tesla Advisory Network,,35,Community,Teslafreewifi,yes,https://www.facebook.com/Teslafreewifi/,0.0,0
181802521854082,Fragments From Olympus- The Vision of Nikola Tesla,,12660,Movie,NikolaTeslaFilm,yes,https://www.facebook.com/NikolaTeslaFilm/,0.01,238
15551698395,PCMag,,863119,Media/News Company,PCMag,no,https://www.facebook.com/PCMag/,1.12,24723
91512272661,Commercial Spaceflight Federation,,14213,Nonprofit Organization,commercialspaceflight,no,https://www.facebook.com/commercialspaceflight/,0.01,62
109668162392133,Blue Origin,,15906,Just For Fun,,no,https://www.facebook.com/pages/Blue-Origin/109668162392133,0.0,0
35962698116,XPRIZE,,189757,Nonprofit Organization,XPRIZE,yes,https://www.facebook.com/XPRIZE/,0.1,1920
7774903715,Star Trek,,3811134,Movie,StarTrekMovie,yes,https://www.facebook.com/StarTrekMovie/,0.01,1209
50970857411,DIY Network,,1095037,TV Network,DIYNetwork,yes,https://www.facebook.com/DIYNetwork/,0.43,47083
82389517490,DVICE,,16793,Community,,yes,https://www.facebook.com/DVICE-82389517490/,0.0,10
32199647179,Popular Mechanics SA,,27116,Magazine,PopularMechanicsSA,yes,https://www.facebook.com/PopularMechanicsSA/,0.11,301
5738237369,Engadget,,1541129,News & Media Website,Engadget,no,https://www.facebook.com/Engadget/,1.49,39680
8062627951,TechCrunch,,2754524,News & Media Website,techcrunch,no,https://www.facebook.com/techcrunch/,1.82,57302
8285708220,MINI,,11622210,Cars,MINIUSA,yes,https://www.facebook.com/MINIUSA/,0.08,2411
69179861432,Popular Woodworking,,74635,Home & Garden Website,popularwoodworking,yes,https://www.facebook.com/popularwoodworking/,0.09,1366
19440638720,WIRED,,2590166,Media/News Company,wired,no,https://www.facebook.com/wired/,1.09,306442
169299103121699,Star Wars,,19000674,Movie,StarWars,no,https://www.facebook.com/StarWars/,0.06,54266
19958149870,Elon Musk,,19511,Public Figure,,yes,https://www.facebook.com/Elon-Musk-19958149870/,0.03,63
267875289901288,NASA's Johnson Space Center,,1025282,Government Organization,NASAJSC,yes,https://www.facebook.com/NASAJSC/,0.25,3370
11543588107,NASA community,,288206,Community,NASA.Commune,yes,https://www.facebook.com/NASA.Commune/,0.0,226
22415302653,Neil Armstrong,,19465,Public Figure,,yes,https://www.facebook.com/Neil-Armstrong-22415302653/,0.0,13
22166949580,Buzz Aldrin,,508515,Public Figure,buzzaldrin,yes,https://www.facebook.com/buzzaldrin/,0.02,923
48947135361,Bill Nye The Science Guy,,4827052,Public Figure,billnye,yes,https://www.facebook.com/billnye/,0.01,21479
5281959998,The New York Times,,14410457,Newspaper,nytimes,no,https://www.facebook.com/nytimes/,2.66,1122267
60342206410,Popular Science,,3536433,Magazine,PopSci,no,https://www.facebook.com/PopSci/,1.28,62696
5718758966,Gizmodo,,1538408,Computers & Internet Website,gizmodo,no,https://www.facebook.com/gizmodo/,1.61,109879
25362251550,Boeing,,71072,Community,,yes,https://www.facebook.com/Boeing-25362251550/,0.0,0
9045517075,Discover Magazine,,4307592,Magazine,DiscoverMag,no,https://www.facebook.com/DiscoverMag/,0.34,9868
10028059802,Einstein,,145777,Public Figure,Einsteinersworldwide,yes,https://www.facebook.com/Einsteinersworldwide/,0.0,117
20528438720,Microsoft,,11797617,Company,Microsoft,yes,https://www.facebook.com/Microsoft/,0.87,6318
7976226799,The Daily Show,,7345569,TV Show,thedailyshow,yes,https://www.facebook.com/thedailyshow/,0.15,147126
278029242253904,Twitter,,16100434,App Page,TwitterInc,yes,https://www.facebook.com/TwitterInc/,0.03,23615
393386711693,io9,,645131,Science Website,io9.com,no,https://www.facebook.com/io9.com/,1.21,34710
58427163803,Felix Baumgartner,,1459620,Athlete,FelixBaumgartner,yes,https://www.facebook.com/FelixBaumgartner/,0.03,4243
14226545351,Red Bull,,48111160,Media/News Company,redbull,no,https://www.facebook.com/redbull/,0.42,958551
508209262538427,Peter H. Diamandis,,38075,Public Figure,PeterHDiamandis,yes,https://www.facebook.com/PeterHDiamandis/,0.04,791
202406810136,MakerBot,,101184,Company,makerbot,yes,https://www.facebook.com/makerbot/,0.02,369
81276070943,Popular Mechanics,,466553,Website,popularmechanics,no,https://www.facebook.com/popularmechanics/,0.85,22395
1578052705792342,Jason Silva,,1028903,Public Figure,jasonlsilva,yes,https://www.facebook.com/jasonlsilva/,0.34,94876
136995579657054,Jason Silva,,34752,Author,,no,https://www.facebook.com/pages/Jason-Silva/136995579657054,0.0,0
69132980486,Hank Green,,329039,Public Figure,hankgreen,yes,https://www.facebook.com/hankgreen/,0.03,310
122550544432546,Virgin,,315842,Organization,virgin,yes,https://www.facebook.com/virgin/,0.03,439
171270329296,Virgin Galactic,,166528,Company,VirginGalactic,no,https://www.facebook.com/VirginGalactic/,0.01,470
110938085622842,NASA’s Curiosity Mars Rover,,1352383,Aerospace Company,MarsCuriosity,no,https://www.facebook.com/MarsCuriosity/,0.01,5658
395013845897,NASA Goddard,,1137908,Science Website,NASAGoddard,yes,https://www.facebook.com/NASAGoddard/,0.15,12472
239361881502,NASA Universe Education,,1247601,Government Organization,NASAAstrophysicsEducation,no,https://www.facebook.com/NASAAstrophysicsEducation/,0.0,2243
57242657138,NASA Earth,,9678979,Science Website,nasaearth,no,https://www.facebook.com/nasaearth/,0.1,45757
54971236771,NASA - National Aeronautics and Space Administration,,19718138,Science,NASA,no,https://www.facebook.com/NASA/,0.36,417458
160193164093515,NASA's OSIRIS-REx Asteroid Sample Return Mission,,65142,Government Organization,OSIRISREx,no,https://www.facebook.com/OSIRISREx/,0.02,909
328526097202039,The Duncan Trussell Family Hour,,15276,Community,TheDuncanTrussellFamilyHour,yes,https://www.facebook.com/TheDuncanTrussellFamilyHour/,0.01,59
209502209079299,Poorly Drawn Lines,,891945,Artist,poorlydrawnlines,yes,https://www.facebook.com/poorlydrawnlines/,0.03,18256
92704722489,Toon Hole,,60648,Public Figure,Toonhole,yes,https://www.facebook.com/Toonhole/,0.01,1446
121427291218447,Optipess,,12056,Entertainment Website,Optipess,yes,https://www.facebook.com/Optipess/,0.02,795
131724786922495,MercWorks,,30997,Entertainment Website,mercworks.net,yes,https://www.facebook.com/mercworks.net/,0.02,1612
136220013143750,The Perry Bible Fellowship,,99897,Entertainment Website,pbfcomics,yes,https://www.facebook.com/pbfcomics/,0.0,444
114591145258499,Three Word Phrase,,18365,Arts & Humanities Website,,yes,https://www.facebook.com/Three-Word-Phrase-114591145258499/,0.0,11
291542624191740,Anyone for Rhubarb?,,1742,Entertainment Website,anyoneforrhubarb,yes,https://www.facebook.com/anyoneforrhubarb/,0.0,2
82242235674,Channelate,,496175,Entertainment Website,channelate,yes,https://www.facebook.com/channelate/,0.06,26764
190772667608171,Loading Artist,,101294,Entertainment Website,LoadingArtist,yes,https://www.facebook.com/LoadingArtist/,0.02,7607
244830742251856,SMBC Comics,,559970,Entertainment Website,smbccomics,yes,https://www.facebook.com/smbccomics/,0.1,91782
140010732784,Space Avalanche,,10557,Entertainment Website,spaceavalanche,yes,https://www.facebook.com/spaceavalanche/,0.0,74
143870639031920,Cosmos,,1852938,TV Show,COSMOSonTV,yes,https://www.facebook.com/COSMOSonTV/,0.0,2110
242801945745169,Cara Santa Maria,,63017,Journalist,ScienceCara,yes,https://www.facebook.com/ScienceCara/,0.27,1632
242730579188418,Microbiology & Immunology,,540577,Community,MicrobiologyAndImmunology,yes,https://www.facebook.com/MicrobiologyAndImmunology/,0.23,19523
319063298192896,Oxford University Scientific Society,,192664,Community,OUSciSoc,no,https://www.facebook.com/OUSciSoc/,0.01,2815
102639353225134,Genetics in Life Science,,532387,Community,GeneticsInLifeScience,yes,https://www.facebook.com/GeneticsInLifeScience/,0.18,8845
465298390168505,Science Is Awesome,,640180,Community,IFLSVideo,yes,https://www.facebook.com/IFLSVideo/,0.01,468
479163965435700,Neuroscience News and Research,,1181618,News & Media Website,NeuroNewsResearch,yes,https://www.facebook.com/NeuroNewsResearch/,0.75,128042
361195187290926,Bird and Moon Comics,,158981,Artist,BirdAndMoon,yes,https://www.facebook.com/BirdAndMoon/,0.0,6424
212009668822281,The Scientist,,2083460,Media/News Company,TheScientistMagazine,no,https://www.facebook.com/TheScientistMagazine/,0.4,8891
272776442828550,Analytical Chemistry Techniques,,170702,Community,AnalyticalChemistryTechniques,yes,https://www.facebook.com/AnalyticalChemistryTechniques/,0.09,2634
167973869997279,Elite Cooking,,3887,Dessert Shop,elitecooking,yes,https://www.facebook.com/elitecooking/,0.0,29
201990153259753,I fucking love Heavy Metal,,127505,Community,,yes,https://www.facebook.com/I-fucking-love-Heavy-Metal-201990153259753/,0.09,8304
214639795316119,Mission: Clean Beaches,,11310,Environmental Conservation Organization,MissionCleanBeaches,yes,https://www.facebook.com/MissionCleanBeaches/,0.04,1380
157079844316159,Monster Sciences,,13533,Education Website,monstersciences,no,https://www.facebook.com/monstersciences/,0.0,27
442058505818917,Epic Lab Time,,66057,Community,EpicLabTime,yes,https://www.facebook.com/EpicLabTime/,0.02,106
163063653755031,The Universe of Carl,,39551,Science Website,TheUniverseofCarl,yes,https://www.facebook.com/TheUniverseofCarl/,0.05,1808
111932252219829,Science Geeks,,35174,Education Website,ScienceGeeks,no,https://www.facebook.com/ScienceGeeks/,0.0,101
352857924775258,The Earth Story,,658404,Community,TheEarthStory,yes,https://www.facebook.com/TheEarthStory/,0.17,6709
334816523250193,The  Universe,,721233,Community,AstrophysicsAndAstronomy,yes,https://www.facebook.com/AstrophysicsAndAstronomy/,0.0,806
390138978985,Fake Science,,441557,Science Website,fakescientist,yes,https://www.facebook.com/fakescientist/,0.02,11805
32536990172,TLC,,3168630,TV Network,TLC,yes,https://www.facebook.com/TLC/,0.95,19657
219193984789939,How It's Made,,2134339,TV Show,HowItsMade,yes,https://www.facebook.com/HowItsMade/,0.01,4010
6002238585,Discovery,,39034181,TV Network,Discovery,no,https://www.facebook.com/Discovery/,0.21,118318
28627688223,MythBusters,,6808445,TV Show,MythBusters,yes,https://www.facebook.com/MythBusters/,0.17,33203
14391502916,Science Channel,,7477388,TV Network,ScienceChannel,yes,https://www.facebook.com/ScienceChannel/,0.74,84472
735406293147707,Rocky Mountain Geek Tank,,308,TV Show,rockymountaingeektank,yes,https://www.facebook.com/rockymountaingeektank/,0.02,14
366339216787084,Happy Hobbit,,6425,TV Show,TORnHappyHobbit,yes,https://www.facebook.com/TORnHappyHobbit/,0.02,11
10765693196,Screen Rant,,1285347,Media/News Company,ScreenRant,no,https://www.facebook.com/ScreenRant/,2.32,202793
1411663649067953,Dinovember,,274876,Book Series,dinovember,yes,https://www.facebook.com/dinovember/,0.02,685
6425769820,TheOneRing.net,,243817,Entertainment Website,TheOneRingnet,yes,https://www.facebook.com/TheOneRingnet/,0.07,11800
185362080579,NCSE: The National Center for Science Education,,179745,Nonprofit Organization,evolution.ncse,yes,https://www.facebook.com/evolution.ncse/,0.09,674
51006778683,GHF: Gifted Homeschoolers Forum,,53767,Education,GiftedHomeschoolersForum,yes,https://www.facebook.com/GiftedHomeschoolersForum/,0.67,5513
428033913905434,The Natural World,,611,Science Website,thenaturalworld1,yes,https://www.facebook.com/thenaturalworld1/,0.0,0
48261298954,Florida Museum of Natural History,,26377,History Museum,FloridaMuseum,yes,https://www.facebook.com/FloridaMuseum/,0.06,599
583739924984814,Herp Alliance,,71664,Nonprofit Organization,HerpAlliance,yes,https://www.facebook.com/HerpAlliance/,0.01,305
471184052945847,Two Guys Fossils/Baystate Replicas,,260,Shopping & Retail,TwoGuysFossils,yes,https://www.facebook.com/TwoGuysFossils/,0.0,2
11606846690,xkcd,,365247,Entertainment Website,TheXKCD,yes,https://www.facebook.com/TheXKCD/,0.0,300
284469498258371,Today's Dinosaur News,,1777,Community,todaysdinosaurnews,yes,https://www.facebook.com/todaysdinosaurnews/,0.01,53
215088088523608,Giggy A. Dinosaur,,482,Fictional Character,giggydino,yes,https://www.facebook.com/giggydino/,0.0,2
239495062784383,Best Western Golden Prairie Inn & Suites,,1170,Hotel,GoldenPrairieInn,yes,https://www.facebook.com/GoldenPrairieInn/,0.0,4
33205412735,Sillof,,5803,Artist,Sillof,yes,https://www.facebook.com/Sillof/,0.0,1
10671482654,Patton Oswalt,,671781,Comedian,pattonoswalt,yes,https://www.facebook.com/pattonoswalt/,0.0,13140
311925392220428,The Museum Resource Network,,1008,Nonprofit Organization,TheMuseumResourceNetwork,yes,https://www.facebook.com/TheMuseumResourceNetwork/,0.0,0
202198265508,Fort Collins Museum of Discovery,,13125,Community Organization,FOCOMOD,yes,https://www.facebook.com/FOCOMOD/,0.13,275
187182741335569,Travels With Liz,,338,Blogger,travelswithliz,yes,https://www.facebook.com/travelswithliz/,0.02,2
116700281803237,MuseumRoadTrip.com,,237,Media/News Company,museumroadtrip,yes,https://www.facebook.com/museumroadtrip/,0.0,5
456290677774193,The Loudest Geeks In The Room,,305,Arts & Humanities Website,TheLoudestGeeks,yes,https://www.facebook.com/TheLoudestGeeks/,0.03,0
228735667216,BBC News,,43477690,Media/News Company,bbcnews,no,https://www.facebook.com/bbcnews/,1.49,2528214
294662213128,BBC Money,,795570,Media/News Company,bbcmoney,no,https://www.facebook.com/bbcmoney/,0.12,36476
273292179353001,Dug the T-Rex,,24816,Public Figure,DugTheTRex,yes,https://www.facebook.com/DugTheTRex/,0.0,17
103166513160342,NanaNadine,,131,Public Figure,nananananaNadine,yes,https://www.facebook.com/nananananaNadine/,0.0,1
22202087272,The Field Museum,,197053,Museum,fieldmuseum,no,https://www.facebook.com/fieldmuseum/,0.04,3182
130656323704183,T-Rex Sue,,109,Community,,yes,https://www.facebook.com/T-Rex-Sue-130656323704183/,0.0,10
29640851510,The Bloggess,,182848,Personal Blog,jennythebloggess,yes,https://www.facebook.com/jennythebloggess/,0.02,5848
146085228766339,Austin Beerworks,,26095,Brewery,AustinBeerworks,yes,https://www.facebook.com/AustinBeerworks/,0.02,740
7312612866,Indiegogo,,513043,Business & Economy Website,Indiegogo,yes,https://www.facebook.com/Indiegogo/,0.51,4196
392313717488108,The Small Dinosaurs,,118,Musician/Band,thesmalldinosaurs,yes,https://www.facebook.com/thesmalldinosaurs/,0.0,0
31844734643,Sam Noble Museum,,11275,Community Service,SamNobleMuseum,yes,https://www.facebook.com/SamNobleMuseum/,0.07,206
452801658075062,Nedroid Comics,,19797,Entertainment Website,NedroidComics,yes,https://www.facebook.com/NedroidComics/,0.0,64
268564233174461,National Dinosaur Museum,,8814,History Museum,NDMAU,yes,https://www.facebook.com/NDMAU/,0.06,767
110685185626648,Fossil hunting,,6948,Interest,,no,https://www.facebook.com/pages/Fossil-hunting/110685185626648,0.0,0
133949023335104,USA Science & Engineering Festival,,93246,Nonprofit Organization,usasciencefestival,yes,https://www.facebook.com/usasciencefestival/,0.09,3178
282463695159918,Sauriermuseum Bellach,,417,Museum,sauriermuseum.bellach,yes,https://www.facebook.com/sauriermuseum.bellach/,0.01,8
48745465565,Fernbank Museum of Natural History,,42736,History Museum,FernbankMuseum,yes,https://www.facebook.com/FernbankMuseum/,0.06,1608
156843224401208,Day 304 Productions,,390,Professional Service,day304,yes,https://www.facebook.com/day304/,0.0,1
183849564977648,StartupBus,,10817,Community Organization,TheStartupBus,yes,https://www.facebook.com/TheStartupBus/,0.04,56
8830243785,Bubbles Von Colorsaurus Rex,,176,Artist,BubblesVCRex,yes,https://www.facebook.com/BubblesVCRex/,0.0,0
224953157529926,The Paleontological Society,,5446,Nonprofit Organization,PaleoSoc,yes,https://www.facebook.com/PaleoSoc/,0.01,22
198081311536,"Natural History Museum, London",,439381,History Museum,naturalhistorymuseum,yes,https://www.facebook.com/naturalhistorymuseum/,0.1,13157
181080143755,The Florida Paleontological Society,,1063,Nonprofit Organization,,yes,https://www.facebook.com/The-Florida-Paleontological-Society-181080143755/,0.0,2
105760609458579,Mokele-mbembe,,684,Interest,,no,https://www.facebook.com/pages/Mokele-mbembe/105760609458579,0.0,0
258836314226333,The Dinosaur Project,,3640,Movie,TheDinosaurProject,yes,https://www.facebook.com/TheDinosaurProject/,0.0,3
378317912200251,Turtoise,,235,Public Figure,hurtoise,yes,https://www.facebook.com/hurtoise/,0.0,0
104365986571,the Dinosaur Project,,234,Public Figure,,yes,https://www.facebook.com/the-Dinosaur-Project-104365986571/,0.0,0
155525707807432,The Denver Diatribe,,409,News & Media Website,denverdiatribe,yes,https://www.facebook.com/denverdiatribe/,0.0,0
163050600439958,Guilford College Department of Geology and Earth Sciences,,1625,College & University,guilfordgeo,yes,https://www.facebook.com/guilfordgeo/,0.01,5
474291699248417,Fabio Pastori,,14685,Artist,fabiopastoridinosaurartist,no,https://www.facebook.com/fabiopastoridinosaurartist/,0.01,18
137553580389,Not an Exact Science Show,,117891,Science Website,NotAnExactScienceShow,yes,https://www.facebook.com/NotAnExactScienceShow/,0.31,10210
193162710726173,Dr. Carin Bondar - Biologist With a Twist,,106576,Animal,drcarinbondar,yes,https://www.facebook.com/drcarinbondar/,0.1,7126
280836245320954,Palaeocast,,3639,Nonprofit Organization,Palaeocast,yes,https://www.facebook.com/Palaeocast/,0.02,445
5824268458,Dinosaurs,,165461,Community,tyrantlizards,yes,https://www.facebook.com/tyrantlizards/,0.0,114
32561485399,ICanHasCheezburger?,,401830,Entertainment Website,ICanHasCheezburger,yes,https://www.facebook.com/ICanHasCheezburger/,0.63,117222
63104012492,Erasmus Darwin House,,755,History Museum,erasmusdarwinhouse,yes,https://www.facebook.com/erasmusdarwinhouse/,0.01,24
6193904573,Smithsonian,,557002,Museum,Smithsonian,no,https://www.facebook.com/Smithsonian/,0.05,2963
13259856990,American Museum of Natural History,,999461,History Museum,naturalhistory,yes,https://www.facebook.com/naturalhistory/,0.12,12477
169331063117138,Citywide Banks,,9318,Bank,citywidebanks,yes,https://www.facebook.com/citywidebanks/,0.01,140
22934684677,The Big Bang Theory,,31967795,TV Show,TheBigBangTheory,no,https://www.facebook.com/TheBigBangTheory/,0.03,38619
256875601238,The Best Damn Nerd Show,,2130,Entertainment Website,theBDNS,yes,https://www.facebook.com/theBDNS/,0.08,25
322741577776002,SourceFed,,540889,Media/News Company,SourceFedNews,yes,https://www.facebook.com/SourceFedNews/,0.01,1079
188800427797025,Geek Girls,,534351,Website,geekxgirls,yes,https://www.facebook.com/geekxgirls/,0.77,102632
28813226869,Jurassic Park 4,,15412,Movie,JurassicPark4,yes,https://www.facebook.com/JurassicPark4/,0.0,8
170889472955944,Jurassic World,,7873190,Movie,JurassicWorld,yes,https://www.facebook.com/JurassicWorld/,0.06,8341
9588466619,Futurama,,27245410,TV Show,Futurama,no,https://www.facebook.com/Futurama/,0.02,24008
103137454616,Being a Geek,,291457,Community,BeingAGeek531,yes,https://www.facebook.com/BeingAGeek531/,0.07,29338
10197268193,Geeks Are Sexy,,581111,Media/News Company,geeksaresexy,yes,https://www.facebook.com/geeksaresexy/,1.01,16478
186048831412933,Nerdist,,2055822,Media/News Company,Nerdist,yes,https://www.facebook.com/Nerdist/,1.57,300740
226109890736540,Almost Nerdy,,81565,Entertainment Website,AlmostNerdy,yes,https://www.facebook.com/AlmostNerdy/,0.05,2835
187339984135,Devo,,391275,Musician,ClubDEVO,yes,https://www.facebook.com/ClubDEVO/,0.05,1604
10655752394,They Might Be Giants,,331911,Musician/Band,theymightbegiants,no,https://www.facebook.com/theymightbegiants/,0.02,3211
209524732434202,There Goes the Galaxy,,1460,Book,ThereGoestheGalaxy,yes,https://www.facebook.com/ThereGoestheGalaxy/,0.01,6
106117426085316,High School for the Performing and Visual Arts,,5827,High School,,no,https://www.facebook.com/pages/High-School-for-the-Performing-and-Visual-Arts/106117426085316,0.0,0
467860426582652,Ye Olde Dino Meme Shoppe,,1218,Community,yeoldedinomemeshoppe,yes,https://www.facebook.com/yeoldedinomemeshoppe/,0.0,1
233737023393052,Dinosaur Brokers,,923,Professional Service,DinosaurBrokers,yes,https://www.facebook.com/DinosaurBrokers/,0.03,557
25473894999,Velociraptor,,34190,Public Figure,dino.velociraptor,yes,https://www.facebook.com/dino.velociraptor/,0.0,25
251762552445,I hate it when I'm studying and a Velociraptor throws bananas on me.,,71125,Community,raptorbanana,yes,https://www.facebook.com/raptorbanana/,0.0,32
254107063392,I reject your reality and substitute my own,,55834,Company,rejectyourreality,yes,https://www.facebook.com/rejectyourreality/,0.0,683
468682366536463,Thefunnypicspage,,1934467,Website,originalfunnypics,yes,https://www.facebook.com/originalfunnypics/,0.05,10580
293154100703260,LOL Happens,,746373,Website,LOLhappens,yes,https://www.facebook.com/LOLhappens/,0.02,855
133570227362,Karen Hallion,,83194,Artist,KarenHallion,yes,https://www.facebook.com/KarenHallion/,0.04,68911
333222876709735,Adam Savage,,6528,Artist,AdamSavageI,yes,https://www.facebook.com/AdamSavageI/,0.0,3
279214548799695,Kari Byron,,13341,Artist,KariTByron,yes,https://www.facebook.com/KariTByron/,0.0,2
108516012506181,Dinosaur,,13378,Interest,,no,https://www.facebook.com/pages/Dinosaur/108516012506181,0.0,0
55264489055,Pee-wee Herman,,1453524,Artist,PeeweeHerman,yes,https://www.facebook.com/PeeweeHerman/,0.04,25496
24922591487,Whole Foods Market,,4231667,Specialty Grocery Store,WholeFoods,no,https://www.facebook.com/WholeFoods/,0.06,11664
126091214115114,Tomb of the First Stegosaurus: Lakes' Quarry 5,,40,Community,,yes,https://www.facebook.com/Tomb-of-the-First-Stegosaurus-Lakes-Quarry-5-126091214115114/,0.0,0
104752028275,Rocky Mountain Dinosaur Resource Center,,3998,Tourist Information Center,,yes,https://www.facebook.com/Rocky-Mountain-Dinosaur-Resource-Center-104752028275/,0.01,56
111638212190436,Macaroni Kid Lakewood-Littleton CO,,1820,Media/News Company,LakewoodCOMacaroniKid,yes,https://www.facebook.com/LakewoodCOMacaroniKid/,0.03,13
127204107355910,"GingerSnaps Photography, LLC",,90,Photographer,GingerSnapsPhotographyLLC,yes,https://www.facebook.com/GingerSnapsPhotographyLLC/,0.0,0
8716402278,Rocky Mountain PBS,,34348,Nonprofit Organization,rmpbs,yes,https://www.facebook.com/rmpbs/,0.11,480
148666214500,Golden History Museum & Park,,1417,History Museum,GoldenHistoryMuseum,yes,https://www.facebook.com/GoldenHistoryMuseum/,0.02,43
212840202097893,Lariat Loop,,312,Travel Company,,yes,https://www.facebook.com/Lariat-Loop-212840202097893/,0.0,4
263743636076,9NEWS (KUSA),,813650,Broadcasting & Media Production Company,ilike9news,yes,https://www.facebook.com/ilike9news/,2.37,173065
28092464477,5280 Magazine,,70155,Magazine,5280Magazine,no,https://www.facebook.com/5280Magazine/,0.26,801
6181619439,The Denver Post,,421891,Newspaper,denverpost,no,https://www.facebook.com/denverpost/,1.71,42040
109277995764534,Colorado Railroad Museum,,1307,Museum,,no,https://www.facebook.com/pages/Colorado-Railroad-Museum/109277995764534,0.0,0
183709498325936,Littleton Museum,,3823,Farm,LittletonMuseum,no,https://www.facebook.com/LittletonMuseum/,0.0,39
87396029335,Denver Art Museum,,93423,Art Museum,denverartmuseum,yes,https://www.facebook.com/denverartmuseum/,0.07,1760
81314579908,Denver Botanic Gardens,,71368,Botanical Garden,denverbotanicgardens,yes,https://www.facebook.com/denverbotanicgardens/,0.08,2659
62647727121,Denver Zoo,,230600,Landmark & Historical Place,DenverZoo,yes,https://www.facebook.com/DenverZoo/,0.2,5158
125046610844916,Bertha Lynn News,,2574,Public Figure,BerthaLynn7News,yes,https://www.facebook.com/BerthaLynn7News/,0.0,0
158790017464560,Denver Post Travel,,9051,Travel & Transportation,coloradotravel,no,https://www.facebook.com/coloradotravel/,0.01,15
17715253123,Film on the Rocks,,40680,Performance & Event Venue,FilmOnTheRocks,yes,https://www.facebook.com/FilmOnTheRocks/,0.02,83
89465763076,"Jeffco Open Space, CO",,7603,Government Organization,jeffcoopenspace,yes,https://www.facebook.com/jeffcoopenspace/,0.13,645
47619793252,Smithsonian Magazine,,1033223,Media/News Company,smithsonianmagazine,yes,https://www.facebook.com/smithsonianmagazine/,1.0,75348
9974533229,Smithsonian's National Museum of Natural History,,229127,History Museum,nmnh.fanpage,no,https://www.facebook.com/nmnh.fanpage/,0.06,4664
102763456429361,"City of Golden, Colorado - Municipal Government",,11864,Government Organization,CityofGoldenColorado,yes,https://www.facebook.com/CityofGoldenColorado/,0.03,219
136941433002923,Budget Travel Magazine,,245634,Publisher,budgettravelmagazine,no,https://www.facebook.com/budgettravelmagazine/,0.05,1828
164397533610767,Fossil Trace Golf Club,,2817,Golf Course & Country Club,fossiltrace,yes,https://www.facebook.com/fossiltrace/,0.01,93
107718985918103,National Science Foundation,,5342,Government Organization,,no,https://www.facebook.com/pages/National-Science-Foundation/107718985918103,0.0,0
206219936066721,Colorado Science Conference,,806,Nonprofit Organization,ColoradoScienceConference,yes,https://www.facebook.com/ColoradoScienceConference/,0.0,0
388336798344,University of Colorado Museum of Natural History,,1893,Science Museum,cumnh,yes,https://www.facebook.com/cumnh/,0.01,14
335319367568,"Colorado's  """"Everyday""""  Show",,59483,TV Show,everydayshow,yes,https://www.facebook.com/everydayshow/,0.33,700
22183842732,Denver Public Library,,17236,Community Center,denverpubliclibrary,yes,https://www.facebook.com/denverpubliclibrary/,0.05,202
108611152505641,Denver Chalk Art Festival,,22463,Festival,denverchalkart,yes,https://www.facebook.com/denverchalkart/,0.03,87
45073814203,Colorado Parent Magazine,,8055,Publisher,coloradoparentmagazine,yes,https://www.facebook.com/coloradoparentmagazine/,0.07,66
10535304481,Houston Museum of Natural Science,,117853,History Museum,Natural.Science,no,https://www.facebook.com/Natural.Science/,0.14,4434
382321878473677,365 Things to do in the Rocky Mountains,,21,Travel Company,,yes,https://www.facebook.com/365-Things-to-do-in-the-Rocky-Mountains-382321878473677/,0.0,1
258084364225185,Colorado Community Media,,1508,Publisher,ColoradoCommunityMedia,yes,https://www.facebook.com/ColoradoCommunityMedia/,0.13,57
42328360008,Mari Smith,,200808,Public Figure,marismith,yes,https://www.facebook.com/marismith/,0.05,1341
124773959128,Scientific & Cultural Facilities District - SCFD,,3305,Government Organization,ScientificandCulturalFacilityDistrict,yes,https://www.facebook.com/ScientificandCulturalFacilityDistrict/,0.03,12
320534311313108,Morrison Natural History Museum Foundation,,70,Nonprofit Organization,,yes,https://www.facebook.com/Morrison-Natural-History-Museum-Foundation-320534311313108/,0.0,0
165449723491950,"Town of Morrison, Colorado",,406,City,,no,https://www.facebook.com/Town-of-Morrison-Colorado-165449723491950/,0.0,6
75183307096,Dinosaurs,,27288,Community,DinosaursFanPage,yes,https://www.facebook.com/DinosaursFanPage/,0.02,86
29589997195,NOVA l PBS,,1079955,TV Show,NOVApbs,yes,https://www.facebook.com/NOVApbs/,0.14,67967
7720276612,Neil deGrasse Tyson,,4096057,Scientist,neildegrassetyson,yes,https://www.facebook.com/neildegrassetyson/,0.02,32241
119617241420924,Hot Nerd Girl,,62884,Author,hotnerdgirl,yes,https://www.facebook.com/hotnerdgirl/,0.07,1301
30478646760,LiveScience,,1290703,Science Website,livescience,yes,https://www.facebook.com/livescience/,0.5,9884
135805843117555,Naturalist Guy,,7496,Public Figure,KennyCreature,yes,https://www.facebook.com/KennyCreature/,0.0,4
121438437877807,Colorado Movie Cars,,7163,Public Figure,ColoradoMovieCars,yes,https://www.facebook.com/ColoradoMovieCars/,0.01,96
107716587449,KU Natural History Museum,,3537,Museum,kunaturalhistory,yes,https://www.facebook.com/kunaturalhistory/,0.03,131
107446645960097,Theme Park Mom,,3913,Local & Travel Website,themeparkmom,yes,https://www.facebook.com/themeparkmom/,0.0,2
86668271056,Best Western GB,,28037,Travel Company,BestWesternGB,yes,https://www.facebook.com/BestWesternGB/,0.04,101
115535341805950,USA TODAY Travel,,468314,Media/News Company,USATODAYtravel,yes,https://www.facebook.com/USATODAYtravel/,0.31,6448
20060875764,Harley-Davidson,,7594263,Product/Service,harley-davidson,yes,https://www.facebook.com/harley-davidson/,0.95,84278
118780788722,On The Go With Amy,,555,Local & Travel Website,,yes,https://www.facebook.com/On-The-Go-With-Amy-118780788722/,0.0,0
43700475063,Michael Waltrip,,159513,Athlete,michaelcwaltrip,yes,https://www.facebook.com/michaelcwaltrip/,0.02,5216
53219688800,NASCAR,,5132814,Sports League,NASCAR,yes,https://www.facebook.com/NASCAR/,0.72,151370
97461606856,AAA,,192745,Product/Service,AAAFanPage,yes,https://www.facebook.com/AAAFanPage/,0.24,693
66499758370,Best Western Hotels & Resorts,,1157603,Travel Company,BestWestern,yes,https://www.facebook.com/BestWestern/,0.3,3907
104062822435,Homesteading / Survivalism,,1460645,Agriculture Company,homesteading,yes,https://www.facebook.com/homesteading/,0.15,65549
117357951616544,Tiny Town & Railroad,,1749,Tourist Information Center,,no,https://www.facebook.com/pages/Tiny-Town-Railroad/117357951616544,0.0,0
150162938440240,Unofficial: Rocky Mountain National Park,,28325,Mountain,RockyMountainPark,yes,https://www.facebook.com/RockyMountainPark/,0.01,459
121434489183,Visit Colorado,,693902,Travel Company,visitcolorado,yes,https://www.facebook.com/visitcolorado/,0.27,18297
106086872756747,Denver Mint,,824,Government Organization,,no,https://www.facebook.com/pages/Denver-Mint/106086872756747,0.0,0
168063999884377,Buffalo Bill Museum and Grave,,3520,Gift Shop,BuffaloBillMuseumandGrave,yes,https://www.facebook.com/BuffaloBillMuseumandGrave/,0.0,293
109794085705466,Roxborough State Park,,1643,Just For Fun,,no,https://www.facebook.com/pages/Roxborough-State-Park/109794085705466,0.0,0
118280154880787,Garden of the Gods Visitor and Nature Center,,12013,Tourist Information Center,gardenofthegodsvisitorandnaturecenter,yes,https://www.facebook.com/gardenofthegodsvisitorandnaturecenter/,0.02,226
58246049388,Bandimere Speedway,,68312,Race Track,BandimereSpeedway,no,https://www.facebook.com/BandimereSpeedway/,0.11,1782
135524010870,The Fort Restaurant,,14545,Steakhouse,TheFortRestaurant,yes,https://www.facebook.com/TheFortRestaurant/,0.02,343
101480364625,Red Rocks Park and Amphitheatre,,538681,Performance Art Theatre,RedRocksCO,yes,https://www.facebook.com/RedRocksCO/,0.08,14391
130743573627593,Florissant Fossil Beds National Monument,,3524,Government Organization,FlorissantNPS,yes,https://www.facebook.com/FlorissantNPS/,0.02,206
135194889838030,Sternberg Museum of Natural History,,4578,Campus Building,sternberg.museum,yes,https://www.facebook.com/sternberg.museum/,0.02,212
15645844443,Denver Museum of Nature & Science,,115253,Museum,DMNSorg,yes,https://www.facebook.com/DMNSorg/,0.03,1980
175560272459373,Morrison Natural History Museum,,3625,History Museum,MorrisonMuseum,yes,https://www.facebook.com/MorrisonMuseum/,0.01,568
104056422633,Dinosaur Ridge,,8525,Education,DinoRidge,yes,https://www.facebook.com/DinoRidge/,0.02,258
948819718514042,I Love Animals,,1289,Entertainment Website,iloveanimals.jp,yes,https://www.facebook.com/iloveanimals.jp/,0.0,5
156614921027728,The Sriracha Cookbook,,25775,Book,TheSrirachaCookbook,yes,https://www.facebook.com/TheSrirachaCookbook/,0.01,28
